<?xml version="1.0" encoding="UTF-8"?>

<!--
   Builds jmrtd.jar and cert-cvc.jar in libs/ with references to scprov instead of bcprov.
   Depends on the presence of a cert-cvc.jar and on the presence of a passporthostapi project in the current workspace.
-->

<project name="bjmrtd" default="jars" basedir=".">

    <property name="software" value="c:/Software" />
	<property name="bcprov" value="bcprov-jdk15on-147.jar" />

	<path id="compile.classpath">
		<fileset dir="${software}/cert-cvc-1.3.0" includes="cert-cvc.jar" />
		<fileset dir="${software}/crypto-147/jars" includes="${bcprov}" />
	</path>

	<target name="init">
		<mkdir dir="../passporthostapi/build" />
		<mkdir dir="libs" />
	</target>

	<!-- target name="compile" depends="init">
		<javac destdir="../passporthostapi/build" debug="on"
			includeantruntime="no" encoding="iso8859-1" target="1.6">
			<classpath refid="compile.classpath" />
			<src path="../passporthostapi/src:../scuba_util/src:../scuba_smartcards/src" />
		</javac>
	</target -->

	<target name="jars">
		<taskdef name="jarjar" classname="com.tonicsystems.jarjar.JarJarTask"
			classpath="${software}/jarjar-1.3.jar" />

		<jarjar jarfile="libs/cert-cvc.jar">
			<manifest>
				<attribute name="Implementation-Title"
					value="EAC 1.11 Card Verifiable Certificate Library" />
				<attribute name="Implementation-Version" value="1.3.0b" />
				<attribute name="Implementation-Vendor"
					value="Keijo Kurkinen, Swedish National Police Board" />
				<attribute name="License" value="LGPL" />
			</manifest>
			<zipgroupfileset dir="${software}/cert-cvc-1.3.0" includes="cert-cvc*.jar" />
			<rule pattern="org.bouncycastle.**" result="org.spongycastle.@1" />
		</jarjar>

		<jarjar jarfile="libs/jmrtd.jar">
			<manifest>
				<attribute name="Implementation-Title" value="JMRTD host API" />
				<attribute name="Implementation-Version" value="0.4.8b" />
				<attribute name="Implementation-Vendor" value="The JMRTD team" />
				<attribute name="License" value="LGPL" />
			</manifest>
			<fileset dir="../passporthostapi/bin" includes="**/*.class" />
			<rule pattern="org.bouncycastle.**" result="org.spongycastle.@1" />
		</jarjar>
		
		<jar destfile="libs/scuba.jar">
			<manifest>
				<attribute name="Implementation-Title" value="SCUBA for Android" />
				<attribute name="Implementation-Version" value="0.0.2" />
				<attribute name="Implementation-Vendor" value="The SCUBA team" />
				<attribute name="License" value="LGPL" />
			</manifest>
			<fileset dir="../scuba_smartcards/bin" includes="**/*.class" />
			<fileset dir="../scuba_util/bin" includes="**/*.class" />
			<zipgroupfileset dir="../scuba_sc_android/bin" includes="*.jar" />
		</jar>

		<jar destfile="libs/jj2000_imageutil.jar">
			<manifest>
				<attribute name="Implementation-Title" value="JMRTD JPEG2000 support" />
				<attribute name="Implementation-Version" value="0.0.1" />
				<attribute name="Implementation-Vendor" value="The JMRTD team" />
				<attribute name="License" value="LGPL" />
			</manifest>
			<fileset dir="../jj2000_imageio/bin" includes="**/*.class" excludes="org/jmrtd/imageio/**/*.class,org/jmrtd/jj2000/test/**.*.class" />
			<zipgroupfileset dir="${software}/jj2000-read-only/target" includes="jj2000-*.jar" />
		</jar>
		
		<jar destfile="libs/wsq_imageutil.jar">
			<manifest>
				<attribute name="Implementation-Title" value="JMRTD WSQ support" />
				<attribute name="Implementation-Version" value="0.0.1" />
				<attribute name="Implementation-Vendor" value="The JMRTD team" />
				<attribute name="License" value="LGPL" />
			</manifest>
			<fileset dir="../wsq_imageio/bin" includes="**/*.class" excludes="org/jnbis/imageio/**/*.class,org/jnbis/test/**.*.class" />
		</jar>

		<copy todir="libs">
			<fileset dir="${software}" includes="scprov-jdk15on-1.47.0.1.jar" />	
		</copy>
		
	</target>

</project>
